url	title	span	note
https://finance.yahoo.com/news/snowflake-salesforce-dbt-labs-more-130100051.html	Snowflake press release (Yahoo Finance copy)	Snowflake (NYSE: SNOW), the AI Data Cloud company in partnership with leading industry partners and ecosystem vendors, including Salesforce, BlackRock, dbt Labs, and RelationalAI, announced a bold commitment to lead the Open Semantic Interchange (OSI), a new open source initiative.	T2; dateline September 23, 2025
https://finance.yahoo.com/news/snowflake-salesforce-dbt-labs-more-130100051.html	Snowflake press release (Yahoo Finance copy)	Alation, Atlan, BlackRock, Blue Yonder, Cube, dbt Labs, Elementum AI, Hex, Honeydew, Mistral AI, Omni, RelationalAI, Salesforce, Select Star, Sigma, Snowflake, and ThoughtSpot.	T2; founding list
https://www.snowflake.com/en/blog/open-semantic-interchanges-specs-finalized/	OSI Updates: Specification Live, Working Group Grows and More	The first version of the OSI specification is now available via an Apache 2 licensed Git repository at https://github.com/open-semantic-interchange/OSI.	T2; Jan 27, 2026
https://www.snowflake.com/en/blog/open-semantic-interchanges-specs-finalized/	OSI Updates: Specification Live, Working Group Grows and More	Since our last update, we are thrilled to have added the following organizations to the OSI working group: AtScale, Coalesce, Collate, Credible, Databricks, JetBrains, Lightdash and Qlik.	T2
https://www.snowflake.com/en/blog/open-semantic-interchanges-specs-finalized/	OSI Updates: Specification Live, Working Group Grows and More	As the initiative matures, we will transition OSI to a neutral, foundation-led governance model.	T2
https://ossie.apache.org/updates/osi-april-2026-community-update/	OSI: Community Update and What's Next	New working group participants include: Anomalo, Bigeye, CARTO, Cloudera, Coginiti, Count, Dataiku, Denodo, Dremio, GoodData, Metabase, Oracle, Sundial, Zeta Global.	T2; April 28, 2026
https://ossie.apache.org/updates/ossie-enters-apache-incubator/	Apache Ossie (Incubating): The New Name for Open Semantic Interchange	The project has been accepted into the Apache Incubator under a new name: Apache Ossie (Incubating).	T2; July 10, 2026
https://ossie.apache.org/updates/ossie-enters-apache-incubator/	Apache Ossie (Incubating): The New Name for Open Semantic Interchange	The specification and the YAML-based format for defining metrics, dimensions, and relationships is unchanged	T2
https://ossie.apache.org/updates/ossie-enters-apache-incubator/	Apache Ossie (Incubating): The New Name for Open Semantic Interchange	Ossie is an open specification for both semantic layer and ontology. It defines a vendor-neutral format for expressing business metrics, dimensions, and their relationships as well as broader business concepts and rules.	T2
https://raw.githubusercontent.com/apache/ossie/main/README.md	Apache Ossie README	Apache Ossie provides a single JSON- and YAML-based specification that any tool can read and write	T1; url guessed from redirect, verify
https://www.databricks.com/blog/redefining-semantics-data-layer-future-bi-and-ai	Redefining the Semantics Data Layer for the Future of BI and AI	Unity Catalog Business Semantics is now GA. Define governed metrics, dimensions, and rules once at the data layer so every dashboard, SQL query, notebook, and AI agent works from the same trusted definitions.	T2; April 2, 2026
https://www.databricks.com/blog/redefining-semantics-data-layer-future-bi-and-ai	Redefining the Semantics Data Layer for the Future of BI and AI	The company has joined the Open Semantic Interchange (OSI) initiative and is actively contributing to it.	T2; possibly paraphrase
https://www.getdbt.com/blog/dbt-labs-affirms-commitment-to-open-semantic-interchange-by-open-sourcing-metricflow	dbt Labs Affirms Commitment to OSI by Open Sourcing MetricFlow	dbt Labs is open sourcing MetricFlow with an Apache 2.0 licence.	T2; October 14, 2025
https://blog.crossjoin.co.uk/2023/11/18/thoughts-on-power-bi-datasets-being-renamed-to-semantic-models/	Thoughts On Power BI Datasets Being Renamed To Semantic Models	Last week it was announced that Power BI datasets have been renamed: they are now semantic models.	T3; 2023-11-18
https://www.atscale.com/resource/enterprise-semantics-for-power-bi-risks-and-alternatives/	Enterprise Semantics for Power BI	every major cloud vendor except Microsoft is participating in the Open Semantic Interchange (OSI)	T2 interested, undated
https://cloud.google.com/blog/products/business-intelligence/opening-up-the-looker-semantic-layer	Opening up the Looker semantic layer	we designed Looker with a semantic model at its core that lets you define metrics once and use them everywhere, for better governance, security, and overall trust in your data.	T2; August 15, 2024
https://cube.dev/blog/cube-joins-snowflakes-open-semantic-interchange-launch-initiative	Cube joins Snowflake's OSI launch initiative	an open-source, vendor-agnostic specification for describing and exchanging semantic models	T2; September 23, 2025
https://www.atscale.com/glossary/semantic-layer/	Semantic Layer (AtScale glossary)	A semantic layer is a software layer that sits between your data warehouse and the tools that access it.	T2
